fixture	pixel_RMS_vs_neutral	jaw_open_rad	anterior_mm	left_mm	tissue_scale
smile	4.7054	0	0	0	0.5
asymmetric_smile	4.2045	0	0	0	1
frown	5.7935	0	0	0	1
brow_raise	8.2296	0	0	0	1
squint	4.0299	0	0	0	1
blink	10.7720	0	0	0	1
nose_flare	0.3574	0	0	0	1
lip_purse	5.1811	0	0	0	1
upper_lip_raise	8.5284	0	0	0	1
lower_lip_depression	5.6665	0	0	0	1
chin_raise	2.1069	0	0	0	1
jaw_open	14.5232	0.352035628125	1.275	0	1
close_from_open	2.3028	0	2.5	0	1
clench	1.5066	0	1	0	1
protruded_jaw	2.4919	0.009935999999999997	4.068	0	1
retruded_jaw	1.5200	0	-5.2	0	1
left_excursion	8.2502	0.019872	2.16	3.024	1
right_excursion	8.4301	0.019872	2.16	-3.024	1
smile_open	12.9720	0.2404555125	1.05	0	1
unilateral_masseter	1.0455	0	0.5	0	1
purse_compress	3.2725	0	0	0	1
