id	canonical_name	laterality	origin_region	insertion_region	principal_pull	affected_tissue	skeletal_structure	effect	innervation	model_actuators	disposition	reason	visibility	origin_point	insertion_point	influence_radius	field	jaw_coefficients	hyoid_coefficients	source
frontalis_medial	Occipitofrontalis frontal belly - medial	paired	galea	medial brow skin	superior	medial brow/forehead	none	skin	VII facial	frontalis_medial	independent	Distinct fiber field	external	20;85;35	20;50;54	24;42;30	pull	0;0;0	0;0	face
frontalis_lateral	Occipitofrontalis frontal belly - lateral	paired	galea	lateral brow skin	superior	lateral brow/forehead	none	skin	VII facial	frontalis_lateral	independent	Distinct fiber field	external	46;85;30	46;48;46	25;40;30	pull	0;0;0	0;0	face
occipitalis	Occipitofrontalis occipital belly	paired	superior nuchal line/mastoid	galea	posterior	posterior scalp/galea	none	skin	VII facial	none	excluded	Posterior scalp lies outside the current anterior mask; galea tension not yet transmitted	external	35;75;-58	35;85;-38	35;40;30	pull	0;0;0	0;0	scalp
temporoparietalis	Temporoparietalis	paired	temporal fascia	galea/auricular fascia	superior	temporal scalp/auricle	none	skin	VII facial	temporoparietalis	independent	Distinct fiber field	external	70;72;5	72;45;8	25;35;30	pull	0;0;0	0;0	face
corrugator_supercilii	Corrugator supercilii	paired	medial superciliary arch	medial brow dermis	medial/inferior	medial brow	none	skin	VII facial	corrugator_supercilii	independent	Distinct fiber field	external	9;43;54	24;50;52	23;22;25	pull	0;0;0	0;0	face
depressor_supercilii	Depressor supercilii	paired	medial orbital margin	medial brow	inferior	medial brow	none	skin	VII facial	depressor_supercilii	independent	Distinct fiber field	external	15;35;55	19;50;54	15;23;22	pull	0;0;0	0;0	face
procerus	Procerus	unpaired	nasal bone fascia	glabella skin	inferior	glabella/nasal root	none	skin	VII facial	procerus	independent	Midline glabella actuator	external	0;23;65	0;51;57	22;28;24	pull	0;0;0	0;0	face
orbicularis_oculi_palpebral_upper	Orbicularis oculi - palpebral upper	paired	medial orbital ligament	eyelid/periorbital dermis	circumferential toward aperture	eyelids/periorbital skin	none	compression/skin	VII facial	orbicularis_oculi_palpebral_upper	independent	Distinct fiber field	external	33;33;57	33;38;56	27;17;18	lid_upper	0;0;0	0;0	face
orbicularis_oculi_palpebral_lower	Orbicularis oculi - palpebral lower	paired	medial orbital ligament	eyelid/periorbital dermis	circumferential toward aperture	eyelids/periorbital skin	none	compression/skin	VII facial	orbicularis_oculi_palpebral_lower	independent	Distinct fiber field	external	33;33;57	33;27;56	27;17;18	lid_lower	0;0;0	0;0	face
orbicularis_oculi_orbital_superior	Orbicularis oculi - orbital superior	paired	medial orbital ligament	eyelid/periorbital dermis	circumferential toward aperture	eyelids/periorbital skin	none	compression/skin	VII facial	orbicularis_oculi_orbital_superior	independent	Distinct fiber field	external	33;33;57	33;50;52	32;30;25	eye_ring	0;0;0	0;0	face
orbicularis_oculi_orbital_inferior	Orbicularis oculi - orbital inferior	paired	medial orbital ligament	eyelid/periorbital dermis	circumferential toward aperture	eyelids/periorbital skin	none	compression/skin	VII facial	orbicularis_oculi_orbital_inferior	independent	Distinct fiber field	external	33;33;57	33;19;56	32;30;25	eye_ring	0;0;0	0;0	face
orbicularis_oculi_lacrimal	Orbicularis oculi - lacrimal	paired	posterior lacrimal crest	medial tarsal/tear apparatus	posteromedial	medial eyelid	none	compression	VII facial	orbicularis_oculi_palpebral_upper	grouped	Absorbed into same-side palpebral upper field; tear pump has no independent geometry	external	14;33;48	14;33;56	12;14;18	pull	0;0;0	0;0	orbit
levator_palpebrae_superioris	Levator palpebrae superioris	paired	lesser sphenoid wing	superior tarsus/upper eyelid	superior	upper eyelid	none	skin	III oculomotor	levator_palpebrae_superioris	independent	Antagonist of upper palpebral closure	external	33;58;45	33;38;56	27;18;20	lid_raise	0;0;0	0;0	orbit
superior_tarsal	Superior tarsal smooth muscle	paired	levator aponeurosis	superior tarsus	superior	upper eyelid	none	skin	sympathetic	levator_palpebrae_superioris	grouped	Small tonic lid contribution shares levator field	external	33;48;49	33;38;56	27;18;20	lid_raise	0;0;0	0;0	orbit
nasalis_transverse	Nasalis - transverse	paired	maxilla beside nose	dorsal nasal aponeurosis	medial	nasal sidewall/nostril	none	compression/skin	VII facial	nasalis_transverse	independent	Distinct fiber field	external	0;5;78	14;5;73	19;25;26	pull	0;0;0	0;0	face
nasalis_alar	Nasalis - alar	paired	maxilla above lateral incisor	alar cartilage/skin	lateral/inferior	nasal ala/nostril	none	skin	VII facial	nasalis_alar	independent	Distinct fiber field	external	28;-3;64	15;1;76	18;18;26	pull	0;0;0	0;0	face
depressor_septi_nasi	Depressor septi nasi	unpaired	maxillary incisor fossa	mobile septum/nasal base	inferior	columella/upper lip	none	skin	VII facial	depressor_septi_nasi	independent	Midline nasal base/lip coupling	external	0;-26;69	0;0;83	18;26;28	pull	0;0;0	0;0	face
levator_labii_superioris_alaeque_nasi	Levator labii superioris alaeque nasi	paired	frontal process maxilla	ala/upper lip	superior	nasal ala and upper lip	none	skin	VII facial	levator_labii_superioris_alaeque_nasi	independent	Distinct fiber field	external	15;29;68	15;-18;71	19;37;27	pull	0;0;0	0;0	face
levator_labii_superioris	Levator labii superioris	paired	infraorbital maxilla	upper lip	superior	upper lip	none	skin	VII facial	levator_labii_superioris	independent	Distinct fiber field	external	27;16;64	19;-25;69	24;36;27	pull	0;0;0	0;0	face
zygomaticus_minor	Zygomaticus minor	paired	anterior zygoma	upper lip	superolateral	upper lip/nasolabial fold	none	skin	VII facial	zygomaticus_minor	independent	Distinct fiber field	external	46;20;55	23;-25;69	28;40;32	pull	0;0;0	0;0	face
zygomaticus_major	Zygomaticus major	paired	lateral zygoma	modiolus	superolateral	mouth corner/cheek	none	skin	VII facial	zygomaticus_major	independent	Distinct fiber field	external	58;12;47	29;-31;63	38;43;32	modiolus	0;0;0	0;0	face
levator_anguli_oris	Levator anguli oris	paired	canine fossa maxilla	modiolus	superior	mouth corner	none	skin	VII facial	levator_anguli_oris	independent	Distinct fiber field	external	31;0;63	29;-31;63	28;32;25	modiolus	0;0;0	0;0	face
risorius	Risorius	paired	parotid/masseteric fascia	modiolus	lateral	mouth corner/lateral cheek	none	skin	VII facial	risorius	independent	Distinct fiber field	external	68;-29;31	29;-31;63	40;27;38	modiolus	0;0;0	0;0	face
buccinator	Buccinator	paired	molar alveoli/pterygomandibular raphe	modiolus/oral fibers	toward teeth with corner tension	cheek	none	compression/skin	VII facial	buccinator	independent	Distinct fiber field	external	47;-23;34	47;-23;58	30;37;33	cheek_compress	0;0;0	0;0	face
orbicularis_oris_upper_medial	Orbicularis oris - upper medial	paired	perioral fibrous network/modiolus	lip dermis/mucosa	circumferential/inward with protrusion	lips	none	compression/skin	VII facial	orbicularis_oris_upper_medial	independent	Distinct fiber field	external	0;-31;69	10;-26;72	19;18;24	lip_ring	0;0;0	0;0	face
orbicularis_oris_upper_lateral	Orbicularis oris - upper lateral	paired	perioral fibrous network/modiolus	lip dermis/mucosa	circumferential/inward with protrusion	lips	none	compression/skin	VII facial	orbicularis_oris_upper_lateral	independent	Distinct fiber field	external	0;-31;69	24;-27;67	20;20;24	lip_ring	0;0;0	0;0	face
orbicularis_oris_lower_medial	Orbicularis oris - lower medial	paired	perioral fibrous network/modiolus	lip dermis/mucosa	circumferential/inward with protrusion	lips	none	compression/skin	VII facial	orbicularis_oris_lower_medial	independent	Distinct fiber field	external	0;-31;69	10;-36;73	19;18;24	lip_ring	0;0;0	0;0	face
orbicularis_oris_lower_lateral	Orbicularis oris - lower lateral	paired	perioral fibrous network/modiolus	lip dermis/mucosa	circumferential/inward with protrusion	lips	none	compression/skin	VII facial	orbicularis_oris_lower_lateral	independent	Distinct fiber field	external	0;-31;69	24;-35;67	20;20;24	lip_ring	0;0;0	0;0	face
incisivus_labii_superioris	Incisivus labii superioris	paired	incisor alveolar bone	oral orbicular/modiolus network	medial/protrusive	lip	none	skin	VII facial	orbicularis_oris_upper_medial	grouped	Short incisive fibers share matching medial oral field; retained as distinct anatomical input	external	4;-31;62	12;-26;71	20;20;24	lip_ring	0;0;0	0;0	face
incisivus_labii_inferioris	Incisivus labii inferioris	paired	incisor alveolar bone	oral orbicular/modiolus network	medial/protrusive	lip	none	skin	VII facial	orbicularis_oris_lower_medial	grouped	Short incisive fibers share matching medial oral field; retained as distinct anatomical input	external	4;-31;62	12;-36;72	20;20;24	lip_ring	0;0;0	0;0	face
depressor_anguli_oris	Depressor anguli oris	paired	mandibular oblique line	modiolus	inferolateral	mouth corner	none	skin	VII facial	depressor_anguli_oris	independent	Distinct fiber field	external	42;-67;51	29;-31;63	30;35;28	modiolus	0;0;0	0;0	face
depressor_labii_inferioris	Depressor labii inferioris	paired	mandibular oblique line	lower lip	inferolateral	lower lip	none	skin	VII facial	depressor_labii_inferioris	independent	Distinct fiber field	external	24;-65;64	14;-37;72	24;32;25	pull	0;0;0	0;0	face
mentalis	Mentalis	paired	mandibular incisor fossa	chin dermis	superior/anterior	chin/lower lip	none	skin/compression	VII facial	mentalis	independent	Distinct fiber field	external	10;-42;73	10;-63;66	25;30;27	mentalis	0;0;0	0;0	face
platysma_mandibular	Platysma - mandibular sheet	paired	upper thorax superficial fascia	lower mandible/skin	inferior	jawline/anterior neck	mandible	skin/jaw	VII facial	platysma_mandibular	independent	Distinct fiber field	external	42;-130;25	43;-73;49	43;65;32	pull	0.08;0;0	0;0	face
platysma_lower_lip	Platysma - oral fibers	paired	upper thorax superficial fascia	lower lip/modiolus	inferior	lower lip/anterior neck	none	skin	VII facial	platysma_lower_lip	independent	Distinct fiber field	external	38;-115;28	27;-36;64	32;40;29	modiolus	0;0;0	0;0	face
masseter_superficial	Masseter - superficial	paired	anterior zygomatic arch/zygomatic process	mandibular angle and lower lateral ramus	superior/anterior	masseter/ramus skin	mandible	jaw/bulge	V3 trigeminal	masseter_superficial	independent	Layer-specific axis and isochoric belly expansion	external	64;4;31	58;-61;29	30;43;42	bulge	-0.65;0.10;0	0;0	mastication
masseter_intermediate	Masseter - intermediate	paired	middle zygomatic arch	middle lateral mandibular ramus	superior	masseter/ramus skin	mandible	jaw/bulge	V3 trigeminal	masseter_intermediate	independent	Layer-specific axis and isochoric belly expansion	external	66;8;21	62;-47;19	30;43;42	bulge	-0.45;0;0	0;0	mastication
masseter_deep	Masseter - deep	paired	posterior deep surface zygomatic arch	upper lateral ramus/coronoid vicinity	superior/posterior	masseter/ramus skin	mandible	jaw/bulge	V3 trigeminal	masseter_deep	independent	Layer-specific axis and isochoric belly expansion	external	64;12;8	61;-31;8	30;43;42	bulge	-0.45;-0.04;0	0;0	mastication
temporalis_anterior	Temporalis - anterior fan	paired	temporal fossa/fascia	coronoid process	toward anterior temporal fan origin	temporal fossa skin	mandible	jaw/bulge	V3 trigeminal	temporalis_anterior	independent	Posterior fan primarily retrudes; anterior primarily elevates	external	47;81;18	51;0;14	30;42;35	bulge	-0.70;0;0	0;0	mastication
temporalis_middle	Temporalis - middle fan	paired	temporal fossa/fascia	coronoid process	toward middle temporal fan origin	temporal fossa skin	mandible	jaw/bulge	V3 trigeminal	temporalis_middle	independent	Posterior fan primarily retrudes; anterior primarily elevates	external	64;57;-7	51;0;14	30;42;35	bulge	-0.45;-0.16;0	0;0	mastication
temporalis_posterior	Temporalis - posterior fan	paired	temporal fossa/fascia	coronoid process	toward posterior temporal fan origin	temporal fossa skin	mandible	jaw/bulge	V3 trigeminal	temporalis_posterior	independent	Posterior fan primarily retrudes; anterior primarily elevates	external	67;29;-32	51;0;14	30;42;35	bulge	-0.12;-0.65;0	0;0	mastication
medial_pterygoid_superficial	Medial pterygoid - superficial head	paired	maxillary tuberosity/palatine pyramidal process	medial mandibular angle	superior/anterior/medial	deep ramus tissues	mandible	jaw	V3 trigeminal	medial_pterygoid_superficial	independent	Deep muscle drives mandible without speculative surface bulge	jaw_hyoid	30;5;34	48;-61;10	25;40;30	skeletal	-0.30;0.16;-0.17	0;0	mastication
medial_pterygoid_deep	Medial pterygoid - deep head	paired	medial face of lateral pterygoid plate/pterygoid fossa	medial mandibular angle	superior/anterior/medial	deep ramus tissues	mandible	jaw	V3 trigeminal	medial_pterygoid_deep	independent	Deep muscle drives mandible without speculative surface bulge	jaw_hyoid	24;17;21	48;-61;10	25;40;30	skeletal	-0.50;0.23;-0.25	0;0	mastication
lateral_pterygoid_superior	Lateral pterygoid - superior head	paired	greater sphenoid wing	TMJ disc/capsule/condylar complex	anteromedial	deep TMJ	mandible/disc	jaw	V3 trigeminal	lateral_pterygoid_superior	independent	Approximate closing-phase disc stabilization and protrusive contribution; no disc mesh	jaw_hyoid	27;25;28	58;13;2	20;25;25	skeletal	-0.04;0.20;-0.15	0;0	mastication
lateral_pterygoid_inferior	Lateral pterygoid - inferior head	paired	lateral pterygoid plate	condylar neck/fovea	anteromedial	deep TMJ	mandible	jaw	V3 trigeminal	lateral_pterygoid_inferior	independent	Protrusion and contralateral excursion dominate opening	jaw_hyoid	26;5;34	58;11;2	22;30;30	skeletal	0.12;0.60;-0.70	0;0	mastication
digastric_anterior	Digastric - anterior belly	paired	mandibular digastric fossa	intermediate tendon/hyoid sling	inferoposterior with fixed hyoid	submental tissues	mandible/hyoid	jaw/hyoid	V3 trigeminal	digastric_anterior	independent	Opening requires infrahyoid stabilization; mobile hyoid instead elevates	jaw_hyoid/external	9;-98;18	9;-73;59	26;35;36	hyoid	0.65;0;0	0.55;0.25	hyoid
digastric_posterior	Digastric - posterior belly	paired	mastoid notch	intermediate tendon/hyoid sling	superoposterior	submandibular tissues	hyoid	hyoid	VII facial	digastric_posterior	independent	Hyoid elevation/retraction; not a duplicate jaw opener	jaw_hyoid/external	62;-2;-13	16;-98;18	25;45;40	hyoid	0;0;0	0.55;-0.25	hyoid
mylohyoid	Mylohyoid	paired	mandibular mylohyoid line	median raphe/hyoid	superior with free hyoid	floor of mouth/submental	mandible/hyoid	jaw/hyoid	V3 trigeminal	mylohyoid	independent	Sling elevation or stabilized jaw depression	jaw_hyoid/external	23;-65;41	12;-95;24	35;35;40	hyoid	0.25;0;0	0.60;0.05	hyoid
geniohyoid	Geniohyoid	paired	inferior mental spine	hyoid body	anterosuperior	submental/floor of mouth	mandible/hyoid	jaw/hyoid	C1 via XII	geniohyoid	independent	Opening depends on hyoid fixation	jaw_hyoid/external	6;-68;57	6;-98;18	28;37;42	hyoid	0.40;0;0	0.55;0.55	hyoid
stylohyoid	Stylohyoid	paired	styloid process	hyoid body	posterosuperior	submandibular tissues	hyoid	hyoid	VII facial	stylohyoid	independent	Elevates and retracts hyoid	jaw_hyoid/external	49;0;-14	17;-98;18	28;42;42	hyoid	0;0;0	0.45;-0.40	hyoid
sternohyoid	Sternohyoid	paired	posterior manubrium/medial clavicle/sternoclavicular ligament	hyoid body	inferior with lower attachment fixed	anterior neck	hyoid/larynx	hyoid	ansa cervicalis C1-C3	sternohyoid	independent	Approximate inferior support; larynx not independently meshed	jaw_hyoid/external	12;-155;14	12;-98;18	32;45;36	hyoid	0;0;0	-0.65;0	hyoid
omohyoid_superior	Omohyoid - superior belly	paired	intermediate omohyoid tendon	hyoid body	inferior with lower attachment fixed	anterior neck	hyoid/larynx	hyoid	ansa cervicalis C1-C3	omohyoid_superior	independent	Approximate inferior support; larynx not independently meshed	jaw_hyoid/external	47;-137;6	18;-98;18	32;45;36	hyoid	0;0;0	-0.40;-0.08	hyoid
sternothyroid	Sternothyroid	paired	posterior manubrium/first costal cartilage	thyroid cartilage	inferior with lower attachment fixed	anterior neck	hyoid/larynx	larynx/hyoid indirectly	ansa cervicalis C1-C3	sternothyroid	independent	Approximate inferior support; larynx not independently meshed	jaw_hyoid/external	17;-155;8	17;-120;12	32;45;36	hyoid	0;0;0	-0.25;0	hyoid
thyrohyoid	Thyrohyoid	paired	thyroid cartilage	hyoid body	inferior with lower attachment fixed	anterior neck	hyoid/larynx	hyoid	C1 via XII	thyrohyoid	independent	Approximate inferior support; larynx not independently meshed	jaw_hyoid/external	18;-122;13	18;-98;18	32;45;36	hyoid	0;0;0	-0.30;0	hyoid
omohyoid_inferior	Omohyoid - inferior belly	paired	superior scapular border	intermediate tendon	inferolateral tendon tension	low lateral neck	hyoid via tendon	hyoid	ansa cervicalis C1-C3	omohyoid_superior	grouped	Common tendon shares superior-belly stabilization actuator	jaw_hyoid	65;-155;-5	47;-137;6	30;40;30	hyoid	0;0;0	-0.30;0	hyoid
auricularis_anterior	Auricularis anterior	paired	scalp fascia/mastoid	auricular cartilage	anterior	auricle	none	skin	VII facial	auricularis_anterior	independent	Coarse pinna displacement; intrinsic cartilage absent	external	69;23;31	80;17;11	20;28;26	pull	0;0;0	0;0	ear
auricularis_superior	Auricularis superior	paired	scalp fascia/mastoid	auricular cartilage	superior	auricle	none	skin	VII facial	auricularis_superior	independent	Coarse pinna displacement; intrinsic cartilage absent	external	72;59;8	81;31;7	20;28;26	pull	0;0;0	0;0	ear
auricularis_posterior	Auricularis posterior	paired	scalp fascia/mastoid	auricular cartilage	posterior	auricle	none	skin	VII facial	auricularis_posterior	independent	Coarse pinna displacement; intrinsic cartilage absent	external	65;13;-18	81;15;3	20;28;26	pull	0;0;0	0;0	ear
helicis_major	helicis major	paired	helical spine	anterior helix	shorten helix	auricular cartilage/skin	none	skin/compression	VII facial	none	excluded	Coarse pinna has no helix/tragus cartilage topology; independent shape effect deferred	external	80;20;7	82;22;9	10;15;10	none	0;0;0	0;0	ear
helicis_minor	helicis minor	paired	helical crus base	helical crus	compress crus	auricular cartilage/skin	none	skin/compression	VII facial	none	excluded	Coarse pinna has no helix/tragus cartilage topology; independent shape effect deferred	external	80;20;7	82;22;9	10;15;10	none	0;0;0	0;0	ear
tragicus	tragicus	paired	tragus base	tragus apex	compress tragus	auricular cartilage/skin	none	skin/compression	VII facial	none	excluded	Coarse pinna has no helix/tragus cartilage topology; independent shape effect deferred	external	80;20;7	82;22;9	10;15;10	none	0;0;0	0;0	ear
antitragicus	antitragicus	paired	antitragus	tail of helix/antihelix	fold antitragus	auricular cartilage/skin	none	skin/compression	VII facial	none	excluded	Coarse pinna has no helix/tragus cartilage topology; independent shape effect deferred	external	80;20;7	82;22;9	10;15;10	none	0;0;0	0;0	ear
transversus_auriculae	transversus auriculae	paired	conchal eminence	scapha eminence	flatten posterior pinna	auricular cartilage/skin	none	skin/compression	VII facial	none	excluded	Coarse pinna has no helix/tragus cartilage topology; independent shape effect deferred	external	80;20;7	82;22;9	10;15;10	none	0;0;0	0;0	ear
obliquus_auriculae	obliquus auriculae	paired	upper concha	upper pinna convexity	fold superior pinna	auricular cartilage/skin	none	skin/compression	VII facial	none	excluded	Coarse pinna has no helix/tragus cartilage topology; independent shape effect deferred	external	80;20;7	82;22;9	10;15;10	none	0;0;0	0;0	ear
genioglossus	Genioglossus	paired	superior mental spine	tongue body/hyoid	protrude/depress tongue	tongue/floor of mouth	hyoid for genioglossus/hyoglossus	soft-tissue	XII hypoglossal	none	excluded	Can change open-mouth view; tongue volume and attachment load coupling not yet represented	open_mouth/jaw_hyoid	8;-48;30	8;-40;52	25;25;30	none	0;0;0	0;0	tongue
hyoglossus	Hyoglossus	paired	hyoid body/greater horn	tongue side	depress/retract tongue	tongue/floor of mouth	hyoid for genioglossus/hyoglossus	soft-tissue	XII hypoglossal	none	excluded	Can change open-mouth view; tongue volume and attachment load coupling not yet represented	open_mouth/jaw_hyoid	8;-48;30	8;-40;52	25;25;30	none	0;0;0	0;0	tongue
styloglossus	Styloglossus	paired	styloid process	tongue side	retract/elevate tongue	tongue/floor of mouth	hyoid for genioglossus/hyoglossus	soft-tissue	XII hypoglossal	none	excluded	Can change open-mouth view; tongue volume and attachment load coupling not yet represented	open_mouth/jaw_hyoid	8;-48;30	8;-40;52	25;25;30	none	0;0;0	0;0	tongue
palatoglossus	Palatoglossus	paired	palatine aponeurosis	posterior tongue	elevate tongue root/depress palate	tongue/floor of mouth	hyoid for genioglossus/hyoglossus	soft-tissue	X pharyngeal plexus	none	excluded	Can change open-mouth view; tongue volume and attachment load coupling not yet represented	open_mouth/jaw_hyoid	8;-48;30	8;-40;52	25;25;30	none	0;0;0	0;0	tongue
tongue_superior_longitudinal	Tongue superior longitudinal	paired	submucosal tongue root	tongue tip/edges	shorten/curl tip up	tongue/floor of mouth	hyoid for genioglossus/hyoglossus	soft-tissue	XII hypoglossal	none	excluded	Can change open-mouth view; tongue volume and attachment load coupling not yet represented	open_mouth/jaw_hyoid	8;-48;30	8;-40;52	25;25;30	none	0;0;0	0;0	tongue
tongue_inferior_longitudinal	Tongue inferior longitudinal	paired	tongue root	tongue tip	shorten/curl tip down	tongue/floor of mouth	hyoid for genioglossus/hyoglossus	soft-tissue	XII hypoglossal	none	excluded	Can change open-mouth view; tongue volume and attachment load coupling not yet represented	open_mouth/jaw_hyoid	8;-48;30	8;-40;52	25;25;30	none	0;0;0	0;0	tongue
tongue_transverse	Tongue transverse	paired	median septum	lateral tongue	narrow/elongate tongue	tongue/floor of mouth	hyoid for genioglossus/hyoglossus	soft-tissue	XII hypoglossal	none	excluded	Can change open-mouth view; tongue volume and attachment load coupling not yet represented	open_mouth/jaw_hyoid	8;-48;30	8;-40;52	25;25;30	none	0;0;0	0;0	tongue
tongue_vertical	Tongue vertical	paired	dorsal tongue	ventral tongue	flatten/widen tongue	tongue/floor of mouth	hyoid for genioglossus/hyoglossus	soft-tissue	XII hypoglossal	none	excluded	Can change open-mouth view; tongue volume and attachment load coupling not yet represented	open_mouth/jaw_hyoid	8;-48;30	8;-40;52	25;25;30	none	0;0;0	0;0	tongue
tensor_veli_palatini	Tensor veli palatini	paired	scaphoid fossa/auditory tube	palatine aponeurosis via hamulus	tension palate	soft palate/uvula	larynx indirectly	soft-tissue	V3 trigeminal	none	excluded	Can change deep open-mouth view; no palate/uvula/pharyngeal mesh; outside current external-face fidelity	open_mouth	8;-1;12	8;-22;21	20;20;20	none	0;0;0	0;0	palate
levator_veli_palatini	Levator veli palatini	paired	petrous temporal bone/auditory tube	palatine aponeurosis	elevate palate	soft palate/uvula	larynx indirectly	soft-tissue	X pharyngeal plexus	none	excluded	Can change deep open-mouth view; no palate/uvula/pharyngeal mesh; outside current external-face fidelity	open_mouth	8;-1;12	8;-22;21	20;20;20	none	0;0;0	0;0	palate
palatopharyngeus	Palatopharyngeus	paired	hard palate/aponeurosis	pharyngeal wall/thyroid cartilage	elevate pharynx/depress palate	soft palate/uvula	larynx indirectly	soft-tissue	X pharyngeal plexus	none	excluded	Can change deep open-mouth view; no palate/uvula/pharyngeal mesh; outside current external-face fidelity	open_mouth	8;-1;12	8;-22;21	20;20;20	none	0;0;0	0;0	palate
musculus_uvulae	Musculus uvulae	paired	posterior nasal spine/aponeurosis	uvula mucosa	shorten/elevate uvula	soft palate/uvula	larynx indirectly	soft-tissue	X pharyngeal plexus	none	excluded	Can change deep open-mouth view; no palate/uvula/pharyngeal mesh; outside current external-face fidelity	open_mouth	8;-1;12	8;-22;21	20;20;20	none	0;0;0	0;0	palate
sternocleidomastoid_sternal	Sternocleidomastoid - sternal head	paired	sternal manubrium	mastoid/lateral nuchal line	ipsilateral bend/contralateral turn	lateral upper neck	head	skin/head pose	XI accessory/C2-C3	none	excluded	Would alter neck silhouette and head pose; present demo fixes skull and lacks lateral neck muscle volumes	external	40;-155;6	65;0;-11	35;85;35	none	0;0;0	0;0	neck
sternocleidomastoid_clavicular	Sternocleidomastoid - clavicular head	paired	medial clavicle	mastoid/lateral nuchal line	ipsilateral bend/contralateral turn	lateral upper neck	head	skin/head pose	XI accessory/C2-C3	none	excluded	Would alter neck silhouette and head pose; present demo fixes skull and lacks lateral neck muscle volumes	external	40;-155;6	65;0;-11	35;85;35	none	0;0;0	0;0	neck
scalenus_anterior	scalenus anterior	paired	C3-C6 transverse processes	first rib	neck/head stabilization and rotation by fiber direction	upper neck	head/cervical spine	head pose	cervical spinal nerves	none	excluded	Audited upper-neck boundary; skull pose fixed and posterior/deep neck geometry absent	external	48;-100;-20	48;0;-30	35;70;35	none	0;0;0	0;0	neck
scalenus_medius	scalenus medius	paired	C2-C7 transverse processes	first rib	neck/head stabilization and rotation by fiber direction	upper neck	head/cervical spine	head pose	cervical spinal nerves	none	excluded	Audited upper-neck boundary; skull pose fixed and posterior/deep neck geometry absent	external	48;-100;-20	48;0;-30	35;70;35	none	0;0;0	0;0	neck
scalenus_posterior	scalenus posterior	paired	C4-C6 transverse processes	second rib	neck/head stabilization and rotation by fiber direction	upper neck	head/cervical spine	head pose	cervical spinal nerves	none	excluded	Audited upper-neck boundary; skull pose fixed and posterior/deep neck geometry absent	external	48;-100;-20	48;0;-30	35;70;35	none	0;0;0	0;0	neck
trapezius_upper	trapezius upper	paired	occiput/nuchal ligament	clavicle/acromion	neck/head stabilization and rotation by fiber direction	upper neck	head/cervical spine	head pose	XI accessory/C3-C4	none	excluded	Audited upper-neck boundary; skull pose fixed and posterior/deep neck geometry absent	external	48;-100;-20	48;0;-30	35;70;35	none	0;0;0	0;0	neck
splenius_capitis	splenius capitis	paired	nuchal ligament/C7-T3 spines	mastoid/nuchal line	neck/head stabilization and rotation by fiber direction	upper neck	head/cervical spine	head pose	cervical spinal nerves	none	excluded	Audited upper-neck boundary; skull pose fixed and posterior/deep neck geometry absent	external	48;-100;-20	48;0;-30	35;70;35	none	0;0;0	0;0	neck
semispinalis_capitis	semispinalis capitis	paired	upper thoracic/cervical processes	occiput	neck/head stabilization and rotation by fiber direction	upper neck	head/cervical spine	head pose	cervical spinal nerves	none	excluded	Audited upper-neck boundary; skull pose fixed and posterior/deep neck geometry absent	external	48;-100;-20	48;0;-30	35;70;35	none	0;0;0	0;0	neck
longus_capitis	longus capitis	paired	C3-C6 transverse processes	basilar occiput	neck/head stabilization and rotation by fiber direction	upper neck	head/cervical spine	head pose	cervical spinal nerves	none	excluded	Audited upper-neck boundary; skull pose fixed and posterior/deep neck geometry absent	external	48;-100;-20	48;0;-30	35;70;35	none	0;0;0	0;0	neck
longus_colli	longus colli	paired	cervical/upper thoracic bodies	cervical bodies/transverse processes	neck/head stabilization and rotation by fiber direction	upper neck	head/cervical spine	head pose	cervical spinal nerves	none	excluded	Audited upper-neck boundary; skull pose fixed and posterior/deep neck geometry absent	external	48;-100;-20	48;0;-30	35;70;35	none	0;0;0	0;0	neck
rectus_capitis_anterior	rectus capitis anterior	paired	atlas lateral mass	basilar occiput	neck/head stabilization and rotation by fiber direction	upper neck	head/cervical spine	head pose	cervical spinal nerves	none	excluded	Audited upper-neck boundary; skull pose fixed and posterior/deep neck geometry absent	external	48;-100;-20	48;0;-30	35;70;35	none	0;0;0	0;0	neck
rectus_capitis_lateralis	rectus capitis lateralis	paired	atlas transverse process	occipital jugular process	neck/head stabilization and rotation by fiber direction	upper neck	head/cervical spine	head pose	cervical spinal nerves	none	excluded	Audited upper-neck boundary; skull pose fixed and posterior/deep neck geometry absent	external	48;-100;-20	48;0;-30	35;70;35	none	0;0;0	0;0	neck
rectus_capitis_posterior_major	rectus capitis posterior major	paired	axis spinous process	inferior nuchal line	neck/head stabilization and rotation by fiber direction	upper neck	head/cervical spine	head pose	cervical spinal nerves	none	excluded	Audited upper-neck boundary; skull pose fixed and posterior/deep neck geometry absent	external	48;-100;-20	48;0;-30	35;70;35	none	0;0;0	0;0	neck
rectus_capitis_posterior_minor	rectus capitis posterior minor	paired	atlas posterior tubercle	inferior nuchal line	neck/head stabilization and rotation by fiber direction	upper neck	head/cervical spine	head pose	cervical spinal nerves	none	excluded	Audited upper-neck boundary; skull pose fixed and posterior/deep neck geometry absent	external	48;-100;-20	48;0;-30	35;70;35	none	0;0;0	0;0	neck
obliquus_capitis_superior	obliquus capitis superior	paired	atlas transverse process	occiput	neck/head stabilization and rotation by fiber direction	upper neck	head/cervical spine	head pose	cervical spinal nerves	none	excluded	Audited upper-neck boundary; skull pose fixed and posterior/deep neck geometry absent	external	48;-100;-20	48;0;-30	35;70;35	none	0;0;0	0;0	neck
obliquus_capitis_inferior	obliquus capitis inferior	paired	axis spinous process	atlas transverse process	neck/head stabilization and rotation by fiber direction	upper neck	head/cervical spine	head pose	cervical spinal nerves	none	excluded	Audited upper-neck boundary; skull pose fixed and posterior/deep neck geometry absent	external	48;-100;-20	48;0;-30	35;70;35	none	0;0;0	0;0	neck
superior_rectus	superior rectus	paired	orbital apex except inferior oblique from orbital maxilla	sclera	rotate eyeball	eyeball/conjunctival appearance	none	gaze	III oculomotor	none	excluded	Visible gaze requires independent eyeball rotation; fixed eyeballs in this muscle-deformation slice	external	33;33;25	33;33;58	20;20;20	none	0;0;0	0;0	orbit
inferior_rectus	inferior rectus	paired	orbital apex except inferior oblique from orbital maxilla	sclera	rotate eyeball	eyeball/conjunctival appearance	none	gaze	III oculomotor	none	excluded	Visible gaze requires independent eyeball rotation; fixed eyeballs in this muscle-deformation slice	external	33;33;25	33;33;58	20;20;20	none	0;0;0	0;0	orbit
medial_rectus	medial rectus	paired	orbital apex except inferior oblique from orbital maxilla	sclera	rotate eyeball	eyeball/conjunctival appearance	none	gaze	III oculomotor	none	excluded	Visible gaze requires independent eyeball rotation; fixed eyeballs in this muscle-deformation slice	external	33;33;25	33;33;58	20;20;20	none	0;0;0	0;0	orbit
lateral_rectus	lateral rectus	paired	orbital apex except inferior oblique from orbital maxilla	sclera	rotate eyeball	eyeball/conjunctival appearance	none	gaze	VI abducens	none	excluded	Visible gaze requires independent eyeball rotation; fixed eyeballs in this muscle-deformation slice	external	33;33;25	33;33;58	20;20;20	none	0;0;0	0;0	orbit
superior_oblique	superior oblique	paired	orbital apex except inferior oblique from orbital maxilla	sclera	rotate eyeball	eyeball/conjunctival appearance	none	gaze	IV trochlear	none	excluded	Visible gaze requires independent eyeball rotation; fixed eyeballs in this muscle-deformation slice	external	33;33;25	33;33;58	20;20;20	none	0;0;0	0;0	orbit
inferior_oblique	inferior oblique	paired	orbital apex except inferior oblique from orbital maxilla	sclera	rotate eyeball	eyeball/conjunctival appearance	none	gaze	III oculomotor	none	excluded	Visible gaze requires independent eyeball rotation; fixed eyeballs in this muscle-deformation slice	external	33;33;25	33;33;58	20;20;20	none	0;0;0	0;0	orbit
tensor_tympani	tensor tympani	paired	middle ear bone	auditory ossicle	middle-ear tension	middle ear	auditory ossicles	none	V3 trigeminal	none	excluded	No external or open-mouth surface effect at current fidelity	none	65;12;0	65;12;1	1;1;1	none	0;0;0	0;0	ear
stapedius	stapedius	paired	middle ear bone	auditory ossicle	middle-ear tension	middle ear	auditory ossicles	none	VII facial	none	excluded	No external or open-mouth surface effect at current fidelity	none	65;12;0	65;12;1	1;1;1	none	0;0;0	0;0	ear
longissimus_capitis	Longissimus capitis	paired	upper thoracic transverse/lower cervical articular processes	mastoid process	head/neck extension and ipsilateral bending; scapular elevation for levator scapulae	upper neck	head/cervical spine	head pose	cervical spinal nerves	none	excluded	Audited adjacent upper-neck boundary; fixed skull and absent deep/posterior neck volumes at this fidelity	external	48;-100;-20	48;0;-30	35;70;35	none	0;0;0	0;0	neck
longissimus_cervicis	Longissimus cervicis	paired	upper thoracic transverse processes	C2-C6 posterior transverse tubercles	head/neck extension and ipsilateral bending; scapular elevation for levator scapulae	upper neck	head/cervical spine	head pose	cervical spinal nerves	none	excluded	Audited adjacent upper-neck boundary; fixed skull and absent deep/posterior neck volumes at this fidelity	external	48;-100;-20	48;0;-30	35;70;35	none	0;0;0	0;0	neck
splenius_cervicis	Splenius cervicis	paired	T3-T6 spinous processes	C1-C3 transverse processes	head/neck extension and ipsilateral bending; scapular elevation for levator scapulae	upper neck	head/cervical spine	head pose	cervical spinal nerves	none	excluded	Audited adjacent upper-neck boundary; fixed skull and absent deep/posterior neck volumes at this fidelity	external	48;-100;-20	48;0;-30	35;70;35	none	0;0;0	0;0	neck
semispinalis_cervicis	Semispinalis cervicis	paired	T1-T6 transverse processes	C2-C5 spinous processes	head/neck extension and ipsilateral bending; scapular elevation for levator scapulae	upper neck	head/cervical spine	head pose	cervical spinal nerves	none	excluded	Audited adjacent upper-neck boundary; fixed skull and absent deep/posterior neck volumes at this fidelity	external	48;-100;-20	48;0;-30	35;70;35	none	0;0;0	0;0	neck
levator_scapulae	Levator scapulae	paired	C1-C4 transverse processes	superomedial scapular border	head/neck extension and ipsilateral bending; scapular elevation for levator scapulae	upper neck	head/cervical spine	head pose	cervical spinal nerves	none	excluded	Audited adjacent upper-neck boundary; fixed skull and absent deep/posterior neck volumes at this fidelity	external	48;-100;-20	48;0;-30	35;70;35	none	0;0;0	0;0	neck
