id	url	use
face	https://anatomy.ttuhscep.edu/nervous_system/face_tables.html	Facial skin-muscle attachments and facial versus trigeminal motor boundary
face	https://anatomy.med.utah.edu/diganat/PT/2014_lecture/L15_sup_face.pdf	Superficial face/scalp anatomy
scalp	https://openstax.org/books/anatomy-and-physiology-2e/pages/11-3-axial-muscles-of-the-head-neck-and-back	Scalp bellies and galea relationship
orbit	https://eyewiki.aao.org/Facial_Anatomy_-_Muscles	Orbital parts and eyelid function
orbit	https://www.ncbi.nlm.nih.gov/books/NBK536921/	Levator palpebrae attachment and oculomotor classification
mastication	https://anatomy.ttuhscep.edu/nervous_system/infratemp_tables.html	Masticatory attachments and distinct temporalis/pterygoid actions
hyoid	https://anatomy.ttuhscep.edu/nervous_system/infratemp_tables.html	Suprahyoid attachment/innervation distinctions
hyoid	https://openstax.org/books/anatomy-and-physiology-2e/pages/11-3-axial-muscles-of-the-head-neck-and-back	Suprahyoid/infrahyoid relationships
tongue	https://anatomy.ttuhscep.edu/schemes/swallowing_tables.html	Tongue and pharyngeal boundary
palate	https://anatomy.ttuhscep.edu/schemes/swallowing_tables.html	Palatal muscles and tensor versus other palatal motor supply
ear	https://www.frontiersin.org/journals/neurology/articles/10.3389/fneur.2017.00752/full	Three extrinsic and six intrinsic auricular muscles; six intrinsic shape effects remain outside coarse pinna fidelity
neck	https://openstax.org/books/anatomy-and-physiology-2e/pages/11-3-axial-muscles-of-the-head-neck-and-back	Head and upper-neck boundary
